Run,Target Epsilon,PCA Components,Total Time (s),Test Accuracy,Test F1 Score,Actual Epsilon,Noise Multiplier,Privacy Score,Attack Accuracy,Attack AUC
1,0.1,37,45.021061062812805,0.565503696857671,0.35134586210200847,0.185783279117876,999.9999999708991,0.5052068057091974,0.8018254041671753,0.49479319429080254
1,0.5,37,40.49553620815277,0.5652148798521257,0.34784249711826526,0.31421766133697004,14.927032765847983,0.4978530935863974,0.8018254041671753,0.5021469064136026
1,1.0,37,40.49732720851898,0.5697204251386322,0.35525525525525525,0.6327408913814925,7.583295223847381,0.49538197191828126,0.8018254041671753,0.5046180280817187
1,2.0,37,39.9276157617569,0.5616335489833642,0.33710648372999646,1.2642405878730685,3.929732037408394,0.5074652573647346,0.8018254041671753,0.4925347426352654
1,4.0,37,41.23024046421051,0.5637707948243993,0.34530092592178185,2.528479650961565,2.135598795520491,0.5020072683650563,0.8018254041671753,0.4979927316349437
1,8.0,37,41.43439590930939,0.5692005545286506,0.35097328774543773,5.056955209725484,1.278924513547099,0.49768274944690294,0.8018254041671753,0.5023172505530971
